,Name,Temp,Cloudiness,Country,Date,Humidity,Lat,Lng,Max Temp,Wind Speed
0,Vaini,64.36,0,IN,2019-12-30,85,15.34,74.49,64.36,2.75
1,Kapaa,77.9,90,US,2019-12-30,74,22.08,-159.32,78.8,14.99
2,Provideniya,-5.8,0,RU,2019-12-30,63,64.42,-173.23,-5.8,20.13
3,Egvekinot,-26.77,0,RU,2019-12-30,87,66.32,-179.17,-26.77,7.76
4,Pangai,80.98,100,TO,2019-12-30,82,-19.8,-174.35,80.98,32.7
5,Alofi,81.07,67,NU,2019-12-30,84,-19.06,-169.92,81.07,16.89
6,Bethel,-12.89,1,US,2019-12-30,83,60.79,-161.76,-7.6,5.82
7,Lavrentiya,-21.06,0,RU,2019-12-30,85,65.58,-170.99,-21.06,13.42
8,Mataura,55.99,21,NZ,2019-12-30,89,-46.19,168.86,55.99,1.99
9,Avarua,77.0,100,CK,2019-12-30,78,-21.21,-159.78,77.0,4.7
10,Makakilo City,78.15,20,US,2019-12-30,57,21.35,-158.09,79.0,13.87
11,Nome,59.94,1,US,2019-12-30,42,30.04,-94.42,63.0,10.29
12,Barrow,73.54,100,AR,2019-12-30,80,-38.31,-60.23,73.54,12.71
13,Faanui,81.09,100,PF,2019-12-30,77,-16.48,-151.75,81.09,14.25
14,Hilo,72.3,20,US,2019-12-30,69,19.71,-155.08,73.99,5.82
15,Ewa Beach,78.17,20,US,2019-12-30,57,21.32,-158.01,79.0,13.87
16,Kodiak,30.94,90,US,2019-12-30,74,39.95,-94.76,33.01,25.28
17,Avera,65.53,1,US,2019-12-30,48,33.19,-82.53,66.99,10.29
18,Kahului,73.96,1,US,2019-12-30,64,20.89,-156.47,77.0,25.08
19,Ahuimanu,78.57,40,US,2019-12-30,65,21.44,-157.84,80.01,9.17
20,Kenai,31.84,40,US,2019-12-30,84,60.55,-151.26,33.01,14.99
21,Teahupoo,84.09,75,PF,2019-12-30,66,-17.83,-149.27,84.2,14.99
22,Fare,80.69,100,PF,2019-12-30,79,-16.7,-151.02,80.69,16.31
23,Atuona,80.55,9,PF,2019-12-30,73,-9.8,-139.03,80.55,14.5
24,Sterling,59.47,75,US,2019-12-30,87,39.0,-77.4,64.99,3.89
25,College,2.25,90,US,2019-12-30,77,64.86,-147.8,6.01,4.7
26,Tautira,84.09,75,PF,2019-12-30,66,-17.73,-149.15,84.2,14.99
27,Palmer,59.97,75,AU,2019-12-30,59,-34.85,139.16,64.0,9.17
28,Fairbanks,2.89,90,US,2019-12-30,77,64.84,-147.72,6.01,4.7
29,Rikitea,77.29,100,PF,2019-12-30,83,-23.12,-134.97,77.29,12.03
30,Fortuna,49.77,1,US,2019-12-30,87,40.6,-124.16,53.6,4.7
31,Sitka,41.0,0,US,2019-12-30,43,37.17,-99.65,41.0,15.01
32,Haines Junction,23.92,58,CA,2019-12-30,97,60.75,-137.51,23.92,10.98
33,Mayo,26.6,75,CA,2019-12-30,79,63.59,-135.9,26.6,11.41
34,Aklavik,-15.54,75,CA,2019-12-30,68,68.22,-135.01,-14.8,3.2
35,Tuktoyaktuk,-14.8,90,CA,2019-12-30,75,69.44,-133.03,-14.8,8.05
36,Lompoc,58.96,1,US,2019-12-30,58,34.64,-120.46,64.0,4.7
37,Half Moon Bay,54.91,1,US,2019-12-30,66,37.46,-122.43,57.99,4.7
38,Port Hardy,44.6,90,CA,2019-12-30,93,50.7,-127.42,44.6,5.82
39,Ketchikan,42.8,90,US,2019-12-30,87,55.34,-131.65,42.8,28.86
40,Whitehorse,32.38,75,CA,2019-12-30,95,60.72,-135.06,33.01,21.92
41,Guerrero Negro,63.48,63,MX,2019-12-30,35,27.97,-114.04,63.48,3.31
42,Pacific Grove,55.33,1,US,2019-12-30,67,36.62,-121.92,59.0,4.7
43,Pacifica,54.95,3,US,2019-12-30,71,37.61,-122.49,57.99,10.29
44,Newport,42.51,90,GB,2019-12-30,93,51.59,-3.0,46.4,9.17
45,Prince Rupert,44.6,90,CA,2019-12-30,87,54.32,-130.32,44.6,23.04
46,Juneau,42.8,90,US,2019-12-30,87,58.3,-134.42,42.8,12.75
47,Norman Wells,-14.8,75,CA,2019-12-30,75,65.28,-126.83,-14.8,3.36
48,Punta Arenas,56.52,75,CL,2019-12-30,50,-53.16,-70.91,57.2,23.04
49,Cabo San Lucas,69.73,20,MX,2019-12-30,68,22.89,-109.91,73.0,8.05
50,Constitucion,64.2,5,MX,2019-12-30,17,23.99,-104.67,66.0,6.93
51,San Quintin,70.81,13,PH,2019-12-30,86,17.54,120.52,70.81,4.99
52,Campbell River,44.01,90,CA,2019-12-30,93,50.02,-125.24,44.6,2.24
53,Fort Saint James,25.72,100,CA,2019-12-30,95,54.43,-124.25,25.72,6.06
54,Fort Nelson,1.4,20,CA,2019-12-30,84,58.81,-122.69,1.4,3.06
55,Rosarito,74.82,90,CO,2019-12-30,88,4.91,-75.23,80.6,6.93
56,Santa Maria,85.8,75,BR,2019-12-30,40,-16.02,-48.01,87.8,6.93
57,Sun Valley,38.68,1,US,2019-12-30,69,39.6,-119.78,43.0,4.7
58,Hermiston,37.42,90,US,2019-12-30,86,45.84,-119.29,39.99,3.65
59,Peachland,33.62,90,CA,2019-12-30,80,49.77,-119.75,36.0,5.82
60,Beaverlodge,15.8,75,CA,2019-12-30,92,55.21,-119.43,15.8,6.73
61,Hay River,10.4,75,CA,2019-12-30,85,60.82,-115.79,10.4,10.29
62,San Patricio,100.22,100,PY,2019-12-30,28,-26.98,-56.83,100.22,3.44
63,San Felipe,93.99,0,CL,2019-12-30,29,-32.75,-70.73,93.99,4.0
64,Bullhead City,50.74,40,US,2019-12-30,37,35.15,-114.57,54.0,24.16
65,Elko,34.72,90,US,2019-12-30,74,40.83,-115.76,39.0,1.45
66,Hamilton,44.67,75,CA,2019-12-30,60,43.26,-79.87,46.99,24.16
67,Fernie,24.24,90,CA,2019-12-30,85,49.5,-115.06,37.0,5.61
68,Slave Lake,14.0,40,CA,2019-12-30,92,55.28,-114.77,14.0,6.93
69,Yellowknife,-1.35,90,CA,2019-12-30,84,62.45,-114.38,0.0,17.22
70,Castro,64.4,40,CL,2019-12-30,63,-42.48,-73.76,64.4,5.82
71,Puerto Ayora,78.67,75,EC,2019-12-30,69,-0.74,-90.35,82.4,8.05
72,Ixtapa,79.84,5,MX,2019-12-30,61,20.71,-105.21,80.6,9.17
73,Coahuayana,91.35,0,MX,2019-12-30,29,18.62,-100.35,91.35,3.98
74,La Paz,67.05,20,MX,2019-12-30,55,24.15,-110.32,68.0,10.29
75,Cumpas,57.09,0,MX,2019-12-30,31,30.0,-109.78,57.09,4.99
76,Winslow,42.21,0,GB,2019-12-30,93,51.94,-0.88,46.0,3.36
77,Price,24.08,90,US,2019-12-30,67,39.6,-110.81,27.0,4.43
78,Livingston,56.7,1,US,2019-12-30,44,32.58,-88.19,57.2,8.05
79,Maple Creek,27.1,0,CA,2019-12-30,49,49.91,-109.46,27.1,3.13
80,Ancud,64.4,40,CL,2019-12-30,63,-41.87,-73.83,64.4,5.82
81,Lebu,52.63,5,ET,2019-12-30,71,8.96,38.73,52.63,2.08
82,Acapulco,86.0,20,MX,2019-12-30,66,16.86,-99.88,86.0,5.82
83,Tomatlan,85.1,0,MX,2019-12-30,40,19.93,-105.25,85.1,7.49
84,Nuevo Ideal,62.47,0,MX,2019-12-30,10,24.89,-105.07,62.47,0.29
85,Ojinaga,53.71,1,US,2019-12-30,27,29.56,-104.41,55.0,4.7
86,Las Vegas,47.59,1,US,2019-12-30,36,36.17,-115.15,51.01,8.05
87,Erie,41.49,90,US,2019-12-30,80,42.13,-80.09,43.0,10.29
88,Gillette,28.44,1,US,2019-12-30,54,44.29,-105.5,30.99,13.87
89,Regina,16.38,20,CA,2019-12-30,92,50.45,-104.62,19.99,9.17
90,La Ronge,19.4,90,CA,2019-12-30,92,55.1,-105.3,19.4,5.82
91,Puerto Escondido,82.4,20,MX,2019-12-30,74,15.86,-97.07,82.4,5.61
92,Temascalcingo,73.0,0,MX,2019-12-30,44,19.92,-100.0,73.0,7.0
93,Galeana,69.01,2,MX,2019-12-30,34,24.83,-100.08,69.01,5.99
94,Uvalde,61.34,1,US,2019-12-30,26,29.21,-99.79,63.0,3.36
95,Elk City,46.22,1,US,2019-12-30,26,35.41,-99.4,48.2,20.8
96,Lexington,43.86,90,US,2019-12-30,72,38.05,-84.5,48.2,18.34
97,Pierre,28.2,90,US,2019-12-30,73,44.37,-100.35,30.0,27.51
98,Brandon,19.54,100,US,2019-12-30,92,43.59,-96.57,21.2,9.17
99,The Pas,14.0,90,CA,2019-12-30,92,53.82,-101.24,14.0,4.45
100,Thompson,14.0,90,CA,2019-12-30,92,55.74,-97.86,14.0,5.82
101,Pisco,74.61,23,PE,2019-12-30,30,-13.71,-76.2,77.0,5.82
102,Hualmay,76.19,23,PE,2019-12-30,62,-11.1,-77.61,76.19,9.57
103,Champerico,86.0,5,MX,2019-12-30,37,16.38,-93.6,86.0,6.98
104,Salina Cruz,82.8,98,MX,2019-12-30,70,16.18,-95.2,82.8,26.49
105,Anton Lizardo,79.79,20,MX,2019-12-30,65,19.05,-95.98,80.6,20.8
106,Matamoros,67.37,20,US,2019-12-30,43,25.87,-97.51,69.8,16.11
107,Atascocita,60.13,1,US,2019-12-30,21,30.0,-95.16,62.01,9.17
108,Fort Smith,48.38,1,US,2019-12-30,39,35.39,-94.42,50.0,9.17
109,Saint Joseph,32.07,90,US,2019-12-30,74,39.77,-94.85,34.0,25.28
110,Willmar,20.62,90,US,2019-12-30,92,45.12,-95.04,24.8,14.99
111,Kenora,16.14,90,CA,2019-12-30,85,49.76,-94.48,17.6,12.75
112,Qaanaaq,-32.17,100,GL,2019-12-30,94,77.48,-69.36,-32.17,6.35
113,Ushuaia,59.0,75,AR,2019-12-30,47,-54.81,-68.31,59.0,25.28
114,Huarmey,79.14,25,PE,2019-12-30,54,-10.07,-78.15,79.14,10.27
115,San Cristobal,81.09,100,HN,2019-12-30,50,14.68,-86.92,81.09,6.93
116,La Libertad,68.0,40,PE,2019-12-30,45,-16.38,-71.56,68.0,14.99
117,San Agustin Acasaguastlan,79.14,95,GT,2019-12-30,49,14.95,-89.97,79.14,4.25
118,Hecelchakan,82.4,40,MX,2019-12-30,74,20.17,-90.13,82.4,1.77
119,Progreso,75.78,90,UY,2019-12-30,78,-34.68,-56.22,80.6,13.87
120,Chalmette,59.85,1,US,2019-12-30,43,29.94,-89.96,62.01,8.05
121,Southaven,49.73,1,US,2019-12-30,57,34.99,-90.01,51.01,11.41
122,Jacksonville,76.21,90,US,2019-12-30,61,30.33,-81.66,78.8,10.29
123,Merrill,32.61,90,US,2019-12-30,73,42.03,-121.6,34.0,5.97
124,Thunder Bay,22.64,90,CA,2019-12-30,85,48.41,-89.26,23.0,11.41
125,Sioux Lookout,16.61,90,CA,2019-12-30,85,50.1,-91.92,17.6,10.29
126,Talcahuano,71.6,22,CL,2019-12-30,56,-36.72,-73.12,71.6,18.34
127,Pimentel,77.18,100,BR,2019-12-30,92,-3.7,-45.5,77.18,4.9
128,Talara,62.6,40,PE,2019-12-30,100,-4.58,-81.27,62.6,12.75
129,Manta,27.66,0,RO,2019-12-30,67,45.1,24.1,27.66,1.52
130,Puntarenas,78.1,93,CR,2019-12-30,45,9.98,-84.84,82.4,13.87
131,Bahia Honda,78.78,14,CU,2019-12-30,70,22.9,-83.16,78.78,7.05
132,Callaway,16.0,90,US,2019-12-30,92,46.98,-95.91,18.0,20.8
133,East Brainerd,53.44,1,US,2019-12-30,41,35.0,-85.15,59.0,17.22
134,Richmond,44.92,90,CA,2019-12-30,100,49.16,-123.14,48.2,8.05
135,Traverse City,32.85,90,US,2019-12-30,96,44.76,-85.62,34.0,17.22
136,Hornepayne,20.08,100,CA,2019-12-30,93,49.22,-84.78,20.08,16.17
137,Clyde River,-5.8,90,CA,2019-12-30,83,70.47,-68.59,-5.8,23.04
138,Coihaique,69.8,20,CL,2019-12-30,37,-45.58,-72.07,69.8,8.05
139,Coquimbo,66.2,40,CL,2019-12-30,68,-29.95,-71.34,66.2,13.87
140,Taltal,66.34,0,CL,2019-12-30,70,-25.41,-70.49,66.34,7.23
141,Chimbote,77.67,20,PE,2019-12-30,61,-9.08,-78.59,77.67,11.95
142,Morropon,68.22,100,PE,2019-12-30,87,-5.18,-79.97,68.22,4.16
143,Pedernales,78.89,100,EC,2019-12-30,80,0.07,-80.05,78.89,4.34
144,La Palma,79.68,64,CO,2019-12-30,77,5.36,-74.39,79.68,2.75
145,Portobelo,88.72,40,PA,2019-12-30,62,9.55,-79.65,89.6,11.41
146,San Andres,75.43,19,PH,2019-12-30,87,13.32,122.68,75.43,7.92
147,Bodden Town,83.77,40,KY,2019-12-30,74,19.28,-81.25,84.99,6.93
148,Key Largo,75.6,90,US,2019-12-30,88,25.09,-80.45,78.01,3.36
149,Ormond Beach,77.41,40,US,2019-12-30,73,29.29,-81.06,79.0,9.17
150,Rockingham,41.47,40,GB,2019-12-30,100,52.52,-0.72,44.01,6.93
151,Uniontown,51.49,40,US,2019-12-30,75,39.9,-79.72,55.4,11.41
152,Midland,45.45,1,US,2019-12-30,36,32.0,-102.08,48.2,4.7
153,Cochrane,68.0,0,CL,2019-12-30,34,-47.25,-72.57,68.0,11.41
154,Iqaluit,15.39,90,CA,2019-12-30,72,63.75,-68.52,15.8,10.29
155,Valdivia,77.0,0,CL,2019-12-30,41,-39.81,-73.25,77.0,8.05
156,Nazca,82.96,18,PE,2019-12-30,40,-14.83,-74.94,82.96,16.08
157,Oxapampa,61.65,100,PE,2019-12-30,95,-10.58,-75.4,61.65,3.33
158,Lagunas,80.56,100,PE,2019-12-30,93,-5.23,-75.68,80.56,2.84
159,Puerto Leguizamo,83.43,100,CO,2019-12-30,92,-0.19,-74.78,83.43,1.36
160,Libano,33.98,0,IT,2019-12-30,74,46.15,12.16,37.99,4.7
161,El Guamo,88.45,100,CO,2019-12-30,59,10.03,-74.98,88.45,9.4
162,Morant Bay,84.27,20,JM,2019-12-30,74,17.88,-76.41,86.0,25.28
163,Guantanamo,82.4,75,BO,2019-12-30,74,-16.14,-62.05,82.4,5.82
164,Cockburn Town,84.2,40,TC,2019-12-30,66,21.46,-71.14,84.2,13.87
165,Marsh Harbour,76.42,100,BS,2019-12-30,77,26.54,-77.06,76.42,11.74
166,Elizabeth City,74.5,40,US,2019-12-30,69,36.3,-76.22,77.0,14.99
167,Cinnaminson,43.54,90,US,2019-12-30,87,40.0,-74.99,57.99,14.99
168,Massena,32.16,90,US,2019-12-30,86,44.93,-74.89,33.8,12.75
169,Chapais,12.2,75,CA,2019-12-30,72,49.78,-74.86,12.2,18.34
170,Rio Gallegos,71.6,75,AR,2019-12-30,24,-51.62,-69.22,71.6,20.8
171,San Carlos de Bariloche,78.01,0,AR,2019-12-30,33,-41.13,-71.31,79.0,21.92
172,Rengo,89.37,0,CL,2019-12-30,22,-34.41,-70.86,91.4,11.41
173,Iquique,75.2,0,CL,2019-12-30,64,-20.22,-70.14,75.2,18.34
174,Azangaro,62.6,40,PE,2019-12-30,39,-14.91,-70.2,62.6,9.17
175,Manoel Urbano,86.11,99,BR,2019-12-30,62,-8.84,-69.26,86.11,2.44
176,Benjamin Constant,84.2,75,BR,2019-12-30,70,-4.38,-70.03,84.2,5.82
177,Mitu,32.47,100,IR,2019-12-30,94,36.2,46.09,32.47,2.19
178,Carora,83.71,89,VE,2019-12-30,44,10.17,-70.08,83.71,2.98
179,Oranjestad,87.8,75,AW,2019-12-30,62,12.52,-70.03,87.8,19.46
180,Sosua,79.47,75,DO,2019-12-30,94,19.77,-70.52,82.99,8.05
181,Nantucket,36.93,90,US,2019-12-30,100,41.28,-70.1,39.0,14.99
182,Madison,30.02,90,US,2019-12-30,77,43.07,-89.38,32.0,9.17
183,Forestville,21.2,40,CA,2019-12-30,79,48.74,-69.09,21.2,14.99
184,Port-Cartier,21.2,20,CA,2019-12-30,48,50.03,-66.88,21.2,4.7
185,Narsaq,17.6,20,GL,2019-12-30,48,60.91,-46.05,17.6,4.7
186,Rawson,63.0,7,AR,2019-12-30,87,-43.3,-65.11,63.0,12.91
187,Viedma,72.79,98,AR,2019-12-30,70,-40.81,-62.99,72.79,14.79
188,Mercedes,74.75,99,UY,2019-12-30,91,-33.25,-58.03,74.75,12.55
189,Villa Carlos Paz,85.78,20,AR,2019-12-30,58,-31.42,-64.5,90.0,10.29
190,Salta,89.38,40,AR,2019-12-30,36,-24.79,-65.41,91.4,11.41
191,Betanzos,47.48,0,ES,2019-12-30,93,43.28,-8.21,52.0,4.7
192,Trinidad,84.2,90,BO,2019-12-30,83,-14.83,-64.9,84.2,2.44
193,Tefe,82.4,40,BR,2019-12-30,88,-3.35,-64.71,82.4,5.82
194,Santa Isabel do Rio Negro,85.96,100,BR,2019-12-30,72,-0.41,-65.02,85.96,1.92
195,Puerto Ayacucho,93.2,20,CO,2019-12-30,46,5.66,-67.63,93.2,12.75
196,Barcelona,46.51,0,ES,2019-12-30,87,41.38,2.18,52.0,4.7
197,Maunabo,79.12,75,PR,2019-12-30,83,18.01,-65.9,82.4,13.87
198,Road Town,78.66,40,VG,2019-12-30,78,18.42,-64.62,80.6,8.05
199,Saint George,39.2,75,GR,2019-12-30,60,39.45,22.34,39.2,3.09
200,Shelburne,42.35,75,CA,2019-12-30,87,44.08,-80.2,46.4,10.29
201,Middleton,46.92,90,GB,2019-12-30,93,53.55,-2.2,50.0,2.24
202,Murdochville,10.94,61,CA,2019-12-30,93,48.96,-65.49,10.94,2.3
203,Havre-Saint-Pierre,21.2,1,CA,2019-12-30,44,50.23,-63.6,21.2,10.29
204,Pangnirtung,15.8,90,CA,2019-12-30,92,66.15,-65.72,15.8,14.99
205,Tres Arroyos,74.21,100,AR,2019-12-30,82,-38.38,-60.28,74.21,13.47
206,Chivilcoy,73.0,100,AR,2019-12-30,95,-34.9,-60.02,73.0,3.0
207,Reconquista,99.86,42,AR,2019-12-30,32,-29.14,-59.64,99.86,6.58
208,Presidencia Roque Saenz Pena,96.22,61,AR,2019-12-30,38,-26.79,-60.44,96.22,7.58
209,Mayor Pablo Lagerenza,96.22,100,PY,2019-12-30,36,-19.93,-60.77,96.22,7.63
210,Pontes e Lacerda,82.98,100,BR,2019-12-30,80,-15.23,-59.33,82.98,2.77
211,Aripuana,76.44,100,BR,2019-12-30,97,-9.17,-60.63,76.44,1.3
212,Novo Aripuana,78.17,98,BR,2019-12-30,96,-5.12,-60.38,78.17,3.56
213,Boa Vista,91.4,75,BR,2019-12-30,43,2.82,-60.67,91.4,11.41
214,Lethem,91.62,79,GY,2019-12-30,43,3.38,-59.8,91.62,4.47
215,Rio Claro,89.6,40,BR,2019-12-30,35,-22.41,-47.56,89.6,5.82
216,Le Vauclin,84.9,20,MQ,2019-12-30,66,14.55,-60.84,86.0,13.87
217,Codrington,65.79,90,AU,2019-12-30,93,-28.95,153.24,68.0,3.36
218,The Valley,82.29,20,AI,2019-12-30,74,18.22,-63.06,82.99,6.93
219,Port Hawkesbury,32.76,75,CA,2019-12-30,90,45.62,-61.36,35.01,5.82
220,Saint-Augustin,28.36,90,CA,2019-12-30,85,45.63,-73.98,32.0,13.87
221,Upernavik,16.05,100,GL,2019-12-30,94,72.79,-56.15,16.05,8.95
222,Necochea,69.75,100,AR,2019-12-30,92,-38.55,-58.74,69.75,8.63
223,Mar del Plata,71.1,0,AR,2019-12-30,33,-46.43,-67.52,71.1,12.26
224,Maldonado,71.24,100,UY,2019-12-30,90,-34.91,-54.96,71.24,21.77
225,Cacequi,98.91,68,BR,2019-12-30,32,-29.88,-54.83,98.91,2.53
226,San Alberto,96.8,40,PY,2019-12-30,44,-24.98,-54.91,96.8,4.7
227,Terenos,77.0,40,BR,2019-12-30,94,-20.44,-54.87,77.0,3.36
228,Chapada dos Guimaraes,93.2,75,BR,2019-12-30,41,-15.46,-55.75,93.2,5.82
229,Alta Floresta,87.8,40,BR,2019-12-30,66,-9.87,-56.08,87.8,3.36
230,Itaituba,87.8,40,BR,2019-12-30,66,-4.26,-55.99,87.8,9.17
231,Alenquer,80.6,75,BR,2019-12-30,83,-1.95,-54.74,80.6,10.29
232,Brokopondo,82.15,40,SR,2019-12-30,78,5.06,-54.98,82.4,13.87
233,Marienburg,40.64,0,DE,2019-12-30,26,52.12,9.98,48.2,12.75
234,Bathsheba,82.4,75,BB,2019-12-30,69,13.22,-59.52,82.4,17.22
235,Saint-Pierre,29.35,0,FR,2019-12-30,92,48.95,4.24,32.0,4.7
236,Lewisporte,28.11,90,CA,2019-12-30,86,49.25,-55.06,28.4,21.92
237,Saint Anthony,16.7,1,US,2019-12-30,61,43.97,-111.68,30.2,4.7
238,Nuuk,23.0,75,GL,2019-12-30,67,64.17,-51.74,23.0,3.36
239,Maniitsoq,18.63,100,GL,2019-12-30,95,65.42,-52.9,18.63,18.84
240,Kangaatsiaq,16.45,100,GL,2019-12-30,76,68.31,-53.46,16.45,16.84
241,Rocha,74.93,45,UY,2019-12-30,85,-34.48,-54.34,74.93,7.29
242,Rio Grande,86.76,0,BR,2019-12-30,59,-32.03,-52.1,89.6,10.29
243,Tramandai,76.64,53,BR,2019-12-30,85,-29.98,-50.13,76.64,11.1
244,Carambei,78.4,100,BR,2019-12-30,57,-24.92,-50.1,78.4,1.63
245,Cardoso,81.16,52,BR,2019-12-30,72,-20.08,-49.91,81.16,2.51
246,Rubiataba,82.08,100,BR,2019-12-30,72,-15.16,-49.8,82.08,2.66
247,Itupiranga,89.6,40,BR,2019-12-30,62,-5.13,-49.33,89.6,5.82
248,Saint-Georges,24.39,100,CA,2019-12-30,68,46.12,-70.67,26.01,5.99
249,Sinnamary,79.7,100,GF,2019-12-30,75,5.38,-52.96,79.7,17.6
250,Torbay,31.3,90,CA,2019-12-30,86,47.66,-52.73,33.01,24.16
251,Bonavista,32.0,100,CA,2019-12-30,85,48.65,-53.11,32.0,15.01
252,Paamiut,20.28,0,GL,2019-12-30,48,61.99,-49.67,20.28,8.23
253,Ilulissat,14.0,75,GL,2019-12-30,66,69.22,-51.1,14.0,8.05
254,Chuy,77.95,0,UY,2019-12-30,77,-33.69,-53.46,77.95,11.25
255,Cidreira,76.64,53,BR,2019-12-30,85,-30.17,-50.22,76.64,11.1
256,Imbituba,87.8,100,BR,2019-12-30,58,-28.24,-48.67,87.8,17.22
257,Ilhabela,77.31,75,BR,2019-12-30,80,-23.78,-45.36,77.31,18.12
258,Nova Serrana,73.42,44,BR,2019-12-30,82,-19.88,-44.98,73.42,4.16
259,Gilbues,80.82,90,BR,2019-12-30,66,-9.83,-45.34,80.82,4.05
260,Esperantinopolis,76.15,95,BR,2019-12-30,93,-4.87,-44.71,76.15,3.76
261,Carutapera,80.73,100,BR,2019-12-30,82,-1.2,-46.02,80.73,16.6
262,Salinopolis,81.14,100,BR,2019-12-30,82,-0.61,-47.36,81.14,16.96
263,Cayenne,82.4,40,GF,2019-12-30,74,4.94,-52.33,82.4,12.75
264,Ribeira Grande,62.6,40,PT,2019-12-30,67,38.52,-28.7,62.6,21.92
265,Nanortalik,25.02,0,GL,2019-12-30,67,60.14,-45.24,25.02,16.91
266,Qaqortoq,17.6,20,GL,2019-12-30,48,60.72,-46.03,17.6,4.7
267,Laguna,84.2,40,BZ,2019-12-30,74,16.17,-88.94,84.2,6.93
268,Arraial do Cabo,82.45,22,BR,2019-12-30,78,-22.97,-42.02,84.2,16.11
269,Serra,83.35,40,BR,2019-12-30,62,-20.13,-40.31,84.2,13.87
270,Ibicui,72.57,7,BR,2019-12-30,90,-14.84,-39.99,72.57,3.44
271,Jaguarari,83.26,87,BR,2019-12-30,44,-10.26,-40.2,83.26,2.33
272,Boa Viagem,79.21,100,BR,2019-12-30,73,-5.13,-39.73,79.21,4.65
273,Ponta do Sol,76.1,100,BR,2019-12-30,68,-20.63,-46.0,76.1,3.87
274,Tasiilaq,23.0,84,GL,2019-12-30,67,65.61,-37.64,23.0,2.24
275,Sao Joao da Barra,85.06,20,BR,2019-12-30,51,-21.64,-41.05,86.0,18.34
276,Caravelas,77.85,35,BR,2019-12-30,72,-17.73,-39.27,77.85,7.92
277,Belmonte,45.36,0,PT,2019-12-30,22,40.36,-7.35,50.0,1.99
278,Maceio,86.0,75,BR,2019-12-30,62,-9.67,-35.74,86.0,11.41
279,Touros,84.2,75,BR,2019-12-30,66,-5.2,-35.46,84.2,18.34
280,Aquiraz,83.14,75,BR,2019-12-30,74,-3.9,-38.39,86.0,8.05
281,Trairi,79.29,100,BR,2019-12-30,72,-3.28,-39.27,79.29,5.35
282,Sao Filipe,74.14,27,CV,2019-12-30,62,14.9,-24.5,74.14,7.58
283,Porto Novo,89.6,40,BR,2019-12-30,27,-23.68,-45.44,89.6,8.05
284,Lagoa,55.33,0,PT,2019-12-30,76,37.14,-8.45,55.99,8.05
285,Vila Velha,83.14,75,BR,2019-12-30,74,-3.71,-38.6,86.0,8.05
286,Olinda,58.73,75,AU,2019-12-30,93,-37.84,145.39,61.0,12.75
287,Cabedelo,82.4,75,BR,2019-12-30,69,-6.97,-34.84,82.4,11.41
288,Grindavik,37.38,75,IS,2019-12-30,80,63.84,-22.43,39.2,19.37
289,Maragogi,80.2,100,BR,2019-12-30,76,-9.01,-35.22,80.2,18.61
290,Los Llanos de Aridane,67.44,84,ES,2019-12-30,77,28.66,-17.92,69.8,5.82
291,Vila Franca do Campo,60.8,75,PT,2019-12-30,72,37.72,-25.43,60.8,13.87
292,Rabo de Peixe,60.8,75,PT,2019-12-30,72,37.8,-25.58,60.8,13.87
293,Praia da Vitoria,60.8,40,PT,2019-12-30,63,38.73,-27.07,60.8,19.84
294,Jamestown,55.26,27,AU,2019-12-30,76,-33.21,138.6,55.26,13.69
295,Georgetown,85.03,20,GY,2019-12-30,70,6.8,-58.16,86.0,9.17
296,Goderich,40.12,100,CA,2019-12-30,67,43.74,-81.71,41.0,11.01
297,Oussouye,82.4,100,SN,2019-12-30,58,12.49,-16.54,82.4,4.7
298,Dakar,81.73,75,SN,2019-12-30,54,14.69,-17.45,84.2,13.87
299,Nouadhibou,69.8,0,MR,2019-12-30,52,20.93,-17.03,69.8,8.05
300,Dingle,72.36,25,PH,2019-12-30,93,11.0,122.67,72.36,10.29
301,Vestmannaeyjar,43.41,100,IS,2019-12-30,70,63.44,-20.27,43.41,16.4
302,Cape Town,64.8,37,ZA,2019-12-30,77,-33.93,18.42,66.0,25.28
303,Monrovia,80.6,20,LR,2019-12-30,83,6.33,-10.8,80.6,7.4
304,Bonthe,80.58,16,SL,2019-12-30,80,7.53,-12.5,80.58,8.81
305,Sangueya,76.75,64,GN,2019-12-30,76,10.7,-14.37,76.75,2.35
306,Atar,65.71,0,MR,2019-12-30,15,20.52,-13.05,65.71,12.73
307,Aguimes,69.03,90,ES,2019-12-30,34,27.91,-15.45,70.0,6.93
308,Tias,66.96,0,ES,2019-12-30,72,28.96,-13.65,68.0,6.93
309,Camacha,65.44,20,PT,2019-12-30,77,33.08,-16.33,66.2,10.29
310,Peniche,52.66,0,PT,2019-12-30,87,39.36,-9.38,55.0,2.24
311,Muros,48.49,75,ES,2019-12-30,100,42.77,-9.06,55.0,4.7
312,Hofn,28.4,100,IS,2019-12-30,74,64.25,-15.21,28.4,5.82
313,Husavik,16.54,97,CA,2019-12-30,87,50.56,-96.99,17.01,7.0
314,Hermanus,64.4,24,ZA,2019-12-30,79,-34.42,19.24,64.99,4.0
315,Harper,58.05,1,US,2019-12-30,19,30.3,-99.24,61.0,6.17
316,Buchanan,80.6,20,LR,2019-12-30,83,5.88,-10.05,80.6,4.18
317,Tokonou,73.35,64,GN,2019-12-30,25,9.65,-9.78,73.35,2.71
318,Nioro,79.9,100,GM,2019-12-30,10,13.79,-15.05,79.9,8.66
319,Tiznit,57.85,0,MA,2019-12-30,34,29.7,-9.73,57.85,3.11
320,Carballo,47.61,75,ES,2019-12-30,100,43.21,-8.69,55.0,4.7
321,Skibbereen,48.2,75,IE,2019-12-30,100,51.55,-9.27,48.2,2.24
322,Ballina,42.42,100,IE,2019-12-30,93,54.11,-9.15,45.0,8.05
323,Saldanha,41.94,0,PT,2019-12-30,63,41.42,-6.55,41.94,1.03
324,Tabou,77.79,0,CI,2019-12-30,89,4.42,-7.36,77.79,2.73
325,Grand-Lahou,83.16,1,CI,2019-12-30,78,5.24,-5.0,83.16,12.71
326,Ferkessedougou,75.72,0,CI,2019-12-30,17,9.6,-5.2,75.72,4.16
327,Tenenkou,71.38,46,ML,2019-12-30,8,14.46,-4.91,71.38,11.59
328,Araouane,66.31,55,ML,2019-12-30,15,18.9,-3.53,66.31,12.26
329,Taoudenni,58.14,0,ML,2019-12-30,30,22.68,-3.98,58.14,12.57
330,Talavera de la Reina,44.01,0,ES,2019-12-30,67,39.96,-4.83,44.01,4.21
331,Villaviciosa,46.4,0,ES,2019-12-30,66,43.48,-5.43,50.0,2.24
332,Falmouth,48.85,75,GB,2019-12-30,87,50.16,-5.07,54.0,4.7
333,Stranraer,14.34,20,CA,2019-12-30,84,51.71,-108.48,19.99,6.93
334,Stromness,44.08,90,CA,2019-12-30,81,42.87,-79.55,46.99,13.87
335,Klaksvik,39.2,0,FO,2019-12-30,70,62.23,-6.59,39.2,9.17
336,Luderitz,64.4,33,NA,2019-12-30,82,-26.65,15.16,64.4,17.22
337,Port-Gentil,80.6,20,GA,2019-12-30,88,-0.72,8.78,80.6,4.7
338,Takoradi,82.53,62,GH,2019-12-30,76,4.89,-1.75,82.53,9.4
339,Accra,84.2,15,GH,2019-12-30,74,5.56,-0.21,84.2,5.82
340,Yendi,78.58,0,GH,2019-12-30,14,9.45,0.0,78.58,5.77
341,Gorom-Gorom,69.1,33,BF,2019-12-30,11,14.45,-0.24,69.1,8.52
342,Tessalit,63.52,0,ML,2019-12-30,13,20.2,1.01,63.52,9.64
343,Adrar,55.4,0,DZ,2019-12-30,47,27.87,-0.29,55.4,14.99
344,Burriana,47.1,0,ES,2019-12-30,93,39.89,-0.08,50.0,5.82
345,Libourne,41.97,0,FR,2019-12-30,93,44.91,-0.24,42.8,2.24
346,Fecamp,36.64,0,FR,2019-12-30,74,49.76,0.37,42.8,3.36
347,Scarborough,48.31,100,GB,2019-12-30,87,54.28,-0.41,50.0,4.7
348,Lerwick,44.6,75,GB,2019-12-30,70,60.15,-1.15,46.4,32.21
349,Brae,44.82,91,GB,2019-12-30,87,60.4,-1.35,46.4,18.34
350,Raudeberg,42.24,75,NO,2019-12-30,81,61.99,5.14,44.6,19.46
351,Roald,41.0,75,NO,2019-12-30,87,62.58,6.12,43.0,18.34
352,Henties Bay,64.0,84,NA,2019-12-30,87,-22.12,14.28,64.0,3.0
353,Namibe,73.8,100,AO,2019-12-30,89,-15.19,12.15,73.8,7.02
354,Luanda,82.4,20,AO,2019-12-30,78,-8.83,13.24,82.4,8.05
355,Omboue,76.87,35,GA,2019-12-30,92,-1.57,9.26,76.87,1.59
356,Warri,77.88,68,NG,2019-12-30,75,5.52,5.75,77.88,2.37
357,Kontagora,71.65,0,NG,2019-12-30,17,10.4,5.47,71.65,6.2
358,Tahoua,75.2,0,NE,2019-12-30,14,14.89,5.26,75.2,11.41
359,Arlit,61.14,0,NE,2019-12-30,23,18.74,7.39,61.14,7.74
360,Gat,84.2,49,SN,2019-12-30,26,14.69,-16.54,84.2,9.17
361,Tazmalt,50.0,40,DZ,2019-12-30,71,36.39,4.4,50.0,4.7
362,Mahon,49.5,75,IE,2019-12-30,100,51.89,-8.4,50.0,2.24
363,Romans-sur-Isere,37.51,0,FR,2019-12-30,93,45.05,5.06,39.0,10.29
364,Gedinne,33.48,0,BE,2019-12-30,41,49.98,4.94,41.0,12.75
365,Harlingen,42.98,75,NL,2019-12-30,100,53.18,5.41,48.2,9.17
366,Storebo,43.79,75,NO,2019-12-30,87,60.09,5.23,45.0,19.46
367,Bud,38.46,75,NO,2019-12-30,81,62.91,6.91,43.0,23.04
368,Walvis Bay,64.15,98,NA,2019-12-30,77,-22.95,14.51,64.4,11.41
369,Opuwo,68.88,100,NA,2019-12-30,82,-18.06,13.84,68.88,3.2
370,Mayumba,81.36,78,GA,2019-12-30,83,-3.44,10.65,81.36,6.13
371,Kango,76.03,82,GA,2019-12-30,92,0.19,10.1,76.03,3.06
372,Nkongsamba,69.01,43,CM,2019-12-30,81,4.95,9.94,69.01,1.28
373,Bauchi,63.97,19,NG,2019-12-30,18,10.31,9.85,63.97,5.28
374,Goure,68.0,0,NE,2019-12-30,23,13.98,10.27,68.0,3.0
375,Nalut,45.16,46,LY,2019-12-30,74,31.86,10.98,45.16,11.99
376,Tortoli,46.02,5,IT,2019-12-30,66,39.93,9.66,48.2,34.45
377,Cremona,35.15,0,IT,2019-12-30,100,45.13,10.03,37.4,3.36
378,Werneck,81.75,20,BR,2019-12-30,62,-22.22,-43.32,84.2,16.11
379,Guderup,44.51,43,DK,2019-12-30,87,54.99,9.87,46.4,16.11
380,Vikersund,37.51,0,NO,2019-12-30,56,59.97,9.99,42.8,14.99
381,Sorland,39.2,75,NO,2019-12-30,69,67.67,12.69,39.2,23.04
382,Bredasdorp,63.93,65,ZA,2019-12-30,72,-34.53,20.04,64.99,3.36
383,Oranjemund,62.91,100,ZA,2019-12-30,84,-28.55,16.43,62.91,14.54
384,Khorixas,73.87,100,NA,2019-12-30,40,-20.37,14.96,73.87,9.4
385,Caluquembe,61.88,100,AO,2019-12-30,96,-13.78,14.68,61.88,5.91
386,Kibala,77.0,67,TD,2019-12-30,44,9.11,18.35,77.0,4.12
387,Mbanza-Ngungu,69.58,52,CD,2019-12-30,97,-5.25,14.87,69.58,2.37
388,Ewo,78.42,63,CG,2019-12-30,64,-0.88,14.81,78.42,1.54
389,Mao,79.18,40,DO,2019-12-30,69,19.55,-71.08,82.99,11.41
390,Bilma,57.4,0,NE,2019-12-30,33,18.69,12.92,57.4,8.25
391,Marzuq,63.59,0,YE,2019-12-30,89,14.4,46.47,63.59,1.97
392,Hun,39.4,0,BE,2019-12-30,41,50.34,4.87,42.8,12.75
393,Marsaxlokk,47.32,20,MT,2019-12-30,81,35.84,14.54,48.0,21.92
394,Agropoli,41.09,0,IT,2019-12-30,1,40.35,15.0,46.0,8.01
395,Senj,36.59,37,HR,2019-12-30,64,45.35,13.91,43.0,9.17
396,Pecky,35.01,66,CZ,2019-12-30,52,50.09,15.03,37.99,2.24
397,Ludvika,42.96,0,SE,2019-12-30,68,60.15,15.18,44.01,12.75
398,Storforshei,37.4,75,NO,2019-12-30,86,66.4,14.52,37.4,5.82
399,Myre,43.65,19,SE,2019-12-30,70,62.25,17.37,44.01,16.11
400,Longyearbyen,1.4,0,NO,2019-12-30,70,78.22,15.63,1.4,10.29
401,Calvinia,64.67,0,ZA,2019-12-30,52,-31.47,19.78,64.67,2.24
402,Aranos,84.94,79,NA,2019-12-30,41,-24.14,19.11,84.94,11.36
403,Grootfontein,72.5,95,NA,2019-12-30,67,-19.56,18.1,72.5,3.36
404,Menongue,65.19,100,AO,2019-12-30,96,-14.66,17.68,65.19,6.6
405,Saurimo,67.08,100,AO,2019-12-30,97,-9.66,20.4,67.08,4.79
406,Ilebo,71.8,100,CD,2019-12-30,83,-4.33,20.59,71.8,2.13
407,Boende,76.77,100,CD,2019-12-30,65,-0.28,20.88,76.77,2.15
408,Kouango,75.83,8,CF,2019-12-30,27,4.99,19.98,75.83,2.95
409,Am Timan,70.52,0,TD,2019-12-30,21,11.04,20.28,70.52,3.15
410,Biltine,65.98,97,TD,2019-12-30,17,14.53,20.93,65.98,5.1
411,Faya,55.45,4,SA,2019-12-30,87,18.39,42.45,57.2,4.85
412,Awjilah,46.27,2,LY,2019-12-30,71,29.14,21.3,46.27,4.63
413,Ajdabiya,53.6,72,LY,2019-12-30,59,30.75,20.22,53.6,7.29
414,Methoni,48.2,90,GR,2019-12-30,49,36.82,21.7,48.2,5.82
415,Delvine,47.53,75,AL,2019-12-30,40,39.95,20.1,51.8,12.75
416,Indija,42.46,100,LT,2019-12-30,91,55.45,22.23,42.46,18.01
417,Wieliczka,36.81,75,PL,2019-12-30,64,49.98,20.06,39.0,10.29
418,Skelleftea,36.66,95,SE,2019-12-30,96,64.75,20.95,37.4,9.17
419,Lyngseidet,28.74,40,NO,2019-12-30,74,69.58,20.21,30.2,19.46
420,Skjervoy,30.2,90,NO,2019-12-30,80,70.03,20.97,30.2,8.05
421,Kruisfontein,61.75,90,ZA,2019-12-30,86,-34.0,24.73,61.75,2.37
422,Colesberg,72.03,67,ZA,2019-12-30,51,-30.72,25.1,72.03,10.29
423,Kanye,75.34,71,BW,2019-12-30,58,-24.98,25.34,75.34,1.41
424,Gweta,80.42,100,BW,2019-12-30,62,-20.21,25.26,80.42,9.62
425,Kaoma,66.69,100,ZM,2019-12-30,94,-14.8,24.8,66.69,3.51
426,Bukama,69.57,100,CD,2019-12-30,98,-9.2,25.85,69.57,2.19
427,Lubao,67.86,83,CD,2019-12-30,98,-5.39,25.75,67.86,2.59
428,Kisangani,74.68,91,CD,2019-12-30,65,0.52,25.21,74.68,1.68
429,Zemio,70.93,100,CF,2019-12-30,29,5.02,25.13,70.93,1.14
430,Kutum,58.89,57,SD,2019-12-30,19,14.2,24.66,58.89,5.57
431,Jalu,46.27,2,LY,2019-12-30,71,29.03,21.55,46.27,4.63
432,Asimion,49.55,75,GR,2019-12-30,87,35.05,25.1,51.8,23.04
433,Titesti,27.25,0,RO,2019-12-30,61,45.02,25.0,27.25,3.09
434,Brody,33.8,100,UA,2019-12-30,73,50.08,25.14,33.8,13.13
435,Sirvintos,37.62,75,LT,2019-12-30,55,55.05,24.95,39.2,13.87
436,Helsinki,39.56,75,FI,2019-12-30,93,60.17,24.94,42.01,9.17
437,Haukipudas,33.37,90,FI,2019-12-30,86,65.17,25.5,33.8,12.75
438,Lakselv,27.01,91,NO,2019-12-30,79,70.05,24.96,28.4,16.11
439,Havoysund,27.63,75,NO,2019-12-30,73,71.0,24.66,28.4,24.16
440,Port Elizabeth,49.21,90,US,2019-12-30,87,39.31,-74.98,62.01,6.93
441,Port Alfred,66.99,76,ZA,2019-12-30,86,-33.59,26.89,66.99,11.83
442,East London,71.2,86,ZA,2019-12-30,77,-33.02,27.91,71.2,13.42
443,Lydenburg,62.38,66,ZA,2019-12-30,84,-25.1,30.46,62.38,2.59
444,Shurugwi,69.21,54,ZW,2019-12-30,58,-19.67,30.0,69.21,6.71
445,Luangwa,76.46,100,MZ,2019-12-30,74,-15.62,30.4,76.46,2.86
446,Luwingu,63.9,100,ZM,2019-12-30,97,-10.26,29.92,63.9,4.54
447,Mwandiga,75.7,100,TZ,2019-12-30,81,-4.84,29.66,75.7,15.23
448,Kilembe,68.16,18,UG,2019-12-30,65,0.2,30.01,68.16,1.77
449,Bara,65.71,5,NG,2019-12-30,17,10.41,10.6,65.71,6.64
450,Marawi,73.0,100,PH,2019-12-30,92,8.0,124.29,73.0,5.01
451,Sohag,51.8,80,EG,2019-12-30,53,26.55,31.7,51.8,6.93
452,Madinat Sittah Uktubar,54.16,0,EG,2019-12-30,50,29.82,31.05,55.4,11.41
453,Kumluca,46.13,82,TR,2019-12-30,79,36.37,30.29,46.13,3.04
454,Bozuyuk,36.16,75,TR,2019-12-30,93,39.91,30.04,37.4,3.36
455,Fastiv,26.85,100,UA,2019-12-30,86,50.08,29.92,28.0,13.42
456,Senno,41.0,100,RU,2019-12-30,86,57.76,27.95,41.0,13.42
457,Lisiy Nos,38.91,75,RU,2019-12-30,86,60.02,30.02,41.0,15.66
458,Kostomuksha,32.13,100,RU,2019-12-30,93,64.59,30.6,32.13,8.05
459,Vadso,26.6,0,NO,2019-12-30,68,70.07,29.75,26.6,18.34
460,Berlevag,26.6,75,NO,2019-12-30,68,70.86,29.09,26.6,28.86
461,Mehamn,27.55,75,NO,2019-12-30,68,71.03,27.85,28.4,28.86
462,Margate,55.31,20,AU,2019-12-30,47,-43.03,147.26,59.0,9.17
463,Richards Bay,75.7,32,ZA,2019-12-30,85,-28.77,32.06,75.7,12.48
464,Manjacaze,73.96,1,MZ,2019-12-30,85,-24.71,33.88,73.96,5.01
465,Beira,47.35,0,ES,2019-12-30,93,43.2,-8.36,55.0,4.7
466,Balaka,72.03,100,MW,2019-12-30,92,-14.99,34.96,72.03,2.57
467,Mungaa,66.52,100,TZ,2019-12-30,89,-4.97,34.86,66.52,1.83
468,Ahero,73.4,68,KE,2019-12-30,73,-0.17,34.92,73.4,4.7
469,Mendi,65.75,5,ET,2019-12-30,40,9.8,35.1,65.75,0.92
470,Kassala,68.34,0,SD,2019-12-30,72,15.45,36.38,68.34,6.8
471,Elat,69.89,40,CM,2019-12-30,96,2.91,11.16,69.89,2.3
472,Alaca,33.33,100,TR,2019-12-30,97,40.17,34.84,33.33,3.94
473,Staryy Krym,34.32,96,UA,2019-12-30,89,45.03,35.1,34.32,7.76
474,Okhtyrka,29.82,100,UA,2019-12-30,74,50.31,34.89,29.82,16.28
475,Iznoski,31.05,100,RU,2019-12-30,90,54.99,35.31,31.05,16.96
476,Nikolskoye,39.56,75,RU,2019-12-30,86,59.7,30.79,41.0,15.66
477,Kem,75.63,67,UG,2019-12-30,40,2.68,33.77,75.63,4.83
478,Vardo,53.73,75,US,2019-12-30,87,39.62,-77.74,62.01,9.17
479,Beloha,74.89,0,MG,2019-12-30,73,-25.17,45.06,74.89,10.58
480,Mocuba,74.88,100,MZ,2019-12-30,98,-16.84,36.99,74.88,1.83
481,Lindi,75.24,100,TZ,2019-12-30,95,-10.0,39.71,75.24,6.24
482,Micheweni,83.01,99,TZ,2019-12-30,79,-4.97,39.83,83.01,19.37
483,Garissa,79.07,47,KE,2019-12-30,76,-0.46,39.64,79.07,7.72
484,Shakiso,56.01,0,ET,2019-12-30,71,5.77,38.9,56.01,2.84
485,Ginda,37.72,0,IN,2019-12-30,34,30.69,78.49,37.72,3.56
486,Mecca,69.6,100,SA,2019-12-30,67,21.43,39.83,69.6,2.37
487,Umm Lajj,58.8,12,SA,2019-12-30,61,25.02,37.27,58.8,5.99
488,Abu Kamal,54.41,0,SY,2019-12-30,54,34.45,40.92,54.41,6.8
489,Bayburt,18.03,48,TR,2019-12-30,83,40.26,40.22,18.03,3.2
490,Novolabinskaya,35.22,90,RU,2019-12-30,93,45.11,39.9,35.6,11.18
491,Mitrofanovka,25.95,55,RU,2019-12-30,78,49.97,39.69,25.95,14.88
492,Spas-Klepiki,28.99,100,RU,2019-12-30,99,55.13,40.18,28.99,18.21
493,Kharovsk,35.74,100,RU,2019-12-30,99,59.95,40.21,35.74,11.5
494,Severodvinsk,33.8,90,RU,2019-12-30,98,64.56,39.82,33.8,13.42
495,Ostrovnoy,25.93,100,RU,2019-12-30,82,68.05,39.51,25.93,18.61
496,Miandrivazo,79.77,100,MG,2019-12-30,82,-19.53,45.46,79.77,7.96
497,Mahajanga,82.4,20,MG,2019-12-30,83,-15.72,46.32,82.4,5.82
498,Mitsamiouli,82.83,100,KM,2019-12-30,81,-11.38,43.28,82.83,15.66
499,Lamu,14.13,97,CN,2019-12-30,42,35.77,102.37,14.13,2.21
500,Xuddur,77.31,0,SO,2019-12-30,49,4.12,43.89,77.31,11.9
501,Sayyan,53.06,0,YE,2019-12-30,41,15.17,44.32,53.06,2.06
502,Najran,60.8,36,SA,2019-12-30,51,17.54,44.22,60.8,1.81
503,Buraydah,62.6,0,SA,2019-12-30,55,26.33,43.97,62.6,8.05
504,Doha,65.44,0,QA,2019-12-30,72,25.29,51.53,68.0,4.05
505,Kifri,57.18,0,IQ,2019-12-30,45,34.69,44.96,57.18,5.91
506,Zangakatun,37.4,97,AM,2019-12-30,64,39.82,45.04,37.4,6.93
507,Urozhaynoye,15.06,100,RU,2019-12-30,93,47.7,142.03,15.06,13.8
508,Petrov Val,21.27,0,RU,2019-12-30,68,50.14,45.21,21.27,13.6
509,Gagino,28.99,100,RU,2019-12-30,99,54.27,39.54,28.99,24.4
510,Nikolsk,25.29,100,RU,2019-12-30,92,59.53,45.45,25.29,11.56
511,Leshukonskoye,33.22,100,RU,2019-12-30,98,64.9,45.76,33.22,9.57
512,Kamenka,25.0,33,MD,2019-12-30,87,48.03,28.7,25.0,4.76
513,Vangaindrano,73.44,33,MG,2019-12-30,92,-23.35,47.6,73.44,1.03
514,Mahanoro,80.98,81,MG,2019-12-30,69,-19.9,48.8,80.98,10.38
515,Antalaha,80.11,100,MG,2019-12-30,80,-14.9,50.28,80.11,8.52
516,Ambilobe,75.56,97,MG,2019-12-30,92,-13.19,49.05,75.56,1.77
517,Victoria,78.76,75,BN,2019-12-30,100,5.28,115.24,80.01,6.93
518,Mogadishu,80.98,0,SO,2019-12-30,83,2.04,45.34,80.98,21.65
519,Hobyo,78.75,8,SO,2019-12-30,80,5.35,48.53,78.75,14.99
520,Bandarbeyla,79.56,47,SO,2019-12-30,83,9.49,50.81,79.56,19.62
521,Bereda,43.74,0,ES,2019-12-30,93,43.27,-7.54,50.0,4.7
522,Abu Samrah,48.58,20,SY,2019-12-30,80,35.3,37.18,48.58,7.18
523,Umm Bab,62.6,1,QA,2019-12-30,82,25.21,50.81,62.6,1.92
524,Tafresh,34.2,65,IR,2019-12-30,63,34.69,50.01,34.2,4.68
525,Zig,29.16,90,US,2019-12-30,68,40.13,-92.77,30.2,11.41
526,Fort-Shevchenko,34.75,100,KZ,2019-12-30,87,44.51,50.26,34.75,7.36
527,Ozinki,14.97,0,RU,2019-12-30,91,51.2,49.73,14.97,10.42
528,Bazarnyye Mataki,18.54,100,RU,2019-12-30,89,54.9,49.93,18.54,20.13
529,Raduzhnyy,-3.23,97,RU,2019-12-30,87,62.1,77.47,-3.23,7.61
530,Koslan,21.07,100,RU,2019-12-30,93,63.46,48.9,21.07,11.3
531,Saint-Joseph,42.21,90,FR,2019-12-30,93,43.56,6.97,46.4,2.24
532,Le Port,40.05,0,FR,2019-12-30,28,42.87,1.37,48.99,1.01
533,Eyl,79.54,10,SO,2019-12-30,82,7.98,49.82,79.54,21.09
534,Salalah,77.0,75,OM,2019-12-30,88,17.01,54.1,77.0,3.36
535,Dubai,67.69,40,AE,2019-12-30,56,25.27,55.3,73.4,6.93
536,Shahr-e Babak,43.81,15,IR,2019-12-30,44,30.12,55.12,43.81,4.74
537,Damghan,40.03,0,IR,2019-12-30,58,36.17,54.34,40.03,3.83
538,Balkanabat,41.41,1,TM,2019-12-30,76,39.51,54.36,41.41,5.37
539,Beyneu,29.48,0,KZ,2019-12-30,82,45.32,55.19,29.48,4.81
540,Sol-Iletsk,-0.72,100,RU,2019-12-30,99,51.16,55.0,-0.72,6.44
541,Alekseyevka,19.4,90,RU,2019-12-30,92,53.25,50.49,19.4,22.37
542,Kosa,36.99,100,JP,2019-12-30,96,32.67,130.82,36.99,9.08
543,Izhma,16.27,100,RU,2019-12-30,92,65.01,53.91,16.27,16.08
544,Iskateley,20.43,100,RU,2019-12-30,93,67.68,53.15,20.43,18.03
545,Saint-Philippe,28.18,90,CA,2019-12-30,92,45.36,-73.48,32.0,20.8
546,Souillac,40.33,25,FR,2019-12-30,100,45.6,-0.6,42.8,2.24
547,Cap Malheureux,78.91,75,MU,2019-12-30,94,-19.98,57.61,79.0,25.28
548,Sur,68.88,15,OM,2019-12-30,73,22.57,59.53,68.88,1.97
549,Chabahar,67.62,0,IR,2019-12-30,62,25.29,60.65,67.62,5.68
550,Zabol,48.2,0,IR,2019-12-30,57,31.03,61.49,48.2,11.41
551,Torbat-e Jam,36.52,10,IR,2019-12-30,84,35.24,60.63,36.52,2.55
552,Hazorasp,32.0,90,UZ,2019-12-30,85,41.32,61.08,32.0,4.7
553,Dombarovskiy,0.18,88,RU,2019-12-30,98,50.76,59.54,0.18,5.12
554,Turgoyak,-3.82,0,RU,2019-12-30,95,55.15,60.12,-3.82,3.58
555,Volchansk,4.86,100,RU,2019-12-30,87,59.94,60.08,4.86,9.75
556,Inta,13.89,100,RU,2019-12-30,81,66.04,60.13,13.89,25.7
557,Mahebourg,78.93,75,MU,2019-12-30,94,-20.41,57.7,79.0,25.28
558,Bambous Virieux,78.93,75,MU,2019-12-30,94,-20.34,57.76,79.0,25.28
559,Grand Gaube,78.91,75,MU,2019-12-30,94,-20.01,57.66,79.0,25.28
560,Hithadhoo,81.79,0,MV,2019-12-30,76,-0.6,73.08,81.79,8.32
561,Thinadhoo,80.8,52,MV,2019-12-30,81,0.53,72.93,80.8,12.35
562,Ugoofaaru,81.46,100,MV,2019-12-30,79,5.67,73.0,81.46,16.06
563,Kavaratti,82.11,67,IN,2019-12-30,70,10.57,72.64,82.11,1.59
564,Mangrol,47.12,0,IN,2019-12-30,42,25.33,76.51,47.12,3.44
565,Dwarka,47.5,0,IN,2019-12-30,42,28.58,77.04,47.5,4.65
566,Ormara,73.69,0,PK,2019-12-30,60,25.21,64.64,73.69,12.8
567,Nushki,45.45,0,PK,2019-12-30,43,29.55,66.02,45.45,0.65
568,Navoi,33.21,0,IT,2019-12-30,74,46.17,11.83,36.0,4.7
569,Derzhavinsk,-3.28,100,KZ,2019-12-30,97,51.1,66.31,-3.28,7.31
570,Glyadyanskoye,-8.19,75,RU,2019-12-30,98,54.91,65.09,-8.19,5.82
571,Uray,-2.15,0,RU,2019-12-30,84,60.13,64.8,-2.15,11.36
572,Muzhi,15.1,100,RU,2019-12-30,73,65.4,64.7,15.1,24.2
573,Quatre Cocos,78.91,75,MU,2019-12-30,94,-20.21,57.76,79.0,25.28
574,Eydhafushi,81.41,5,MV,2019-12-30,76,5.1,73.07,81.41,16.73
575,Veraval,35.24,6,FR,2019-12-30,63,49.65,0.71,37.4,5.82
576,Mithi,58.69,0,PK,2019-12-30,18,24.74,69.8,58.69,9.51
577,Barkhan,38.59,0,PK,2019-12-30,45,29.9,69.52,38.59,1.45
578,Tagab,35.15,75,AF,2019-12-30,32,34.85,69.65,41.0,2.19
579,Chkalovsk,28.15,90,RU,2019-12-30,86,56.76,43.24,28.4,17.9
580,Astana,3.2,90,KZ,2019-12-30,77,51.13,71.43,3.2,13.42
581,Bulaevo,-9.98,95,KZ,2019-12-30,95,54.91,70.44,-9.98,2.37
582,Gornopravdinsk,-4.32,0,RU,2019-12-30,87,60.06,69.92,-4.32,8.39
583,Yar-Sale,11.88,100,RU,2019-12-30,75,66.83,70.83,11.88,24.87
584,Dikson,12.42,100,RU,2019-12-30,91,73.51,80.55,12.42,30.67
585,Busselton,48.96,0,AU,2019-12-30,54,-33.64,115.35,53.01,7.25
586,Male,29.57,100,UA,2019-12-30,73,50.74,33.7,29.57,15.93
587,Chavakkad,77.99,40,IN,2019-12-30,78,10.53,76.05,78.8,12.19
588,Mundgod,66.97,0,IN,2019-12-30,88,14.97,75.04,66.97,4.52
589,Khuldabad,61.84,12,IN,2019-12-30,80,20.05,75.18,61.84,2.04
590,Begun,49.14,0,IN,2019-12-30,37,24.99,75.01,49.14,5.17
591,Kalanwali,45.0,0,IN,2019-12-30,56,29.83,74.98,45.0,5.75
592,Bandipur,59.86,19,IN,2019-12-30,86,11.67,76.63,59.86,2.26
593,Okoneshnikovo,-0.11,100,RU,2019-12-30,97,54.84,75.08,-0.11,2.55
594,Lokosovo,-0.71,0,RU,2019-12-30,85,61.13,74.84,-0.71,8.19
595,Pangody,9.9,100,RU,2019-12-30,71,65.85,74.49,9.9,21.77
596,Matara,59.29,100,BI,2019-12-30,97,-3.48,29.48,59.29,2.26
597,Weligama,72.32,57,LK,2019-12-30,91,5.97,80.42,72.32,2.89
598,Valvedditturai,79.59,100,LK,2019-12-30,72,9.82,80.17,79.59,8.39
599,Kavali,73.92,20,IN,2019-12-30,83,14.91,79.99,73.92,9.69
600,Mul,61.39,68,IN,2019-12-30,46,20.07,79.68,61.39,4.29
601,Khajuraho,46.78,0,IN,2019-12-30,46,24.85,79.93,46.78,3.11
602,Bageshwar,36.88,99,IN,2019-12-30,24,29.85,79.77,36.88,6.44
603,Leh,1.99,82,IN,2019-12-30,38,34.16,77.58,1.99,5.17
604,Aksu,3.2,99,KZ,2019-12-30,84,52.04,76.93,3.2,11.18
605,Sarkand,25.12,100,KZ,2019-12-30,97,45.41,79.91,25.12,0.4
606,Semey,15.8,75,KZ,2019-12-30,92,50.41,80.25,15.8,6.71
607,Kargat,7.43,89,RU,2019-12-30,96,55.19,80.28,7.43,2.28
608,Kargasok,-11.97,0,RU,2019-12-30,92,59.06,80.87,-11.97,3.02
609,Urengoy,7.23,100,RU,2019-12-30,78,65.96,78.37,7.23,19.19
610,Tazovskiy,10.11,100,RU,2019-12-30,83,67.47,78.7,10.11,19.37
611,Geraldton,17.6,90,CA,2019-12-30,85,49.72,-86.95,17.6,18.34
612,Hambantota,77.0,40,LK,2019-12-30,100,6.12,81.12,77.0,3.36
613,Wattegama,68.2,100,LK,2019-12-30,92,7.35,80.68,68.2,2.3
614,Batticaloa,71.42,70,LK,2019-12-30,91,7.71,81.69,71.42,3.13
615,Yarada,74.64,0,IN,2019-12-30,68,17.65,83.27,74.64,16.35
616,Nayagarh,56.25,0,IN,2019-12-30,69,20.13,85.1,56.25,2.15
617,Tekari,41.0,90,IN,2019-12-30,100,24.94,84.84,41.0,2.28
618,Pokhara,45.25,43,NP,2019-12-30,43,28.21,83.99,45.25,3.29
619,Jumla,24.33,23,NP,2019-12-30,43,29.28,82.18,24.33,4.68
620,Kuytun,-4.5,100,RU,2019-12-30,86,54.34,101.51,-4.5,7.23
621,Ust-Koksa,15.24,100,RU,2019-12-30,95,50.27,85.62,15.24,7.38
622,Krasnoye,36.45,90,RU,2019-12-30,93,44.87,39.46,37.99,11.18
623,Belyy Yar,3.2,100,RU,2019-12-30,71,53.6,91.39,3.2,1.1
624,Dudinka,1.4,90,RU,2019-12-30,84,69.41,86.18,1.4,31.32
625,Albany,33.42,90,US,2019-12-30,88,42.65,-73.75,37.0,4.7
626,Carnarvon,63.1,0,ZA,2019-12-30,77,-30.97,22.13,63.1,23.49
627,Meulaboh,79.48,97,ID,2019-12-30,82,4.14,96.13,79.48,10.13
628,Banda Aceh,73.69,81,ID,2019-12-30,94,5.56,95.32,73.69,5.23
629,Port Blair,81.27,22,IN,2019-12-30,76,11.67,92.75,81.27,13.98
630,Mathbaria,58.8,0,BD,2019-12-30,60,22.29,89.96,58.8,5.61
631,Sherpur,59.68,0,BD,2019-12-30,63,25.02,90.01,59.68,1.43
632,Lasa,59.27,75,CY,2019-12-30,59,34.92,32.53,62.6,21.92
633,Mugur-Aksy,1.38,100,RU,2019-12-30,76,50.38,90.44,1.38,7.63
634,Teya,90.84,40,MX,2019-12-30,46,21.05,-89.07,91.99,3.36
635,Turukhansk,-0.04,100,RU,2019-12-30,93,65.8,87.96,-0.04,18.28
636,Talnakh,1.4,90,RU,2019-12-30,84,69.49,88.39,1.4,31.32
637,Padang,68.49,55,ID,2019-12-30,95,-0.92,100.36,68.49,4.97
638,Sibolga,70.43,58,ID,2019-12-30,96,1.74,98.78,70.43,3.38
639,Magway,62.08,92,MM,2019-12-30,73,20.15,94.92,62.08,5.75
640,Phek,36.88,0,IN,2019-12-30,88,25.7,94.46,36.88,1.12
641,Along,43.75,0,IN,2019-12-30,60,28.17,94.8,43.75,5.26
642,Yumen,10.24,0,CN,2019-12-30,61,40.29,97.04,10.24,10.85
643,Hami,16.47,0,CN,2019-12-30,42,42.84,93.51,16.47,3.15
644,Erzin,47.8,75,TR,2019-12-30,93,36.95,36.2,48.99,5.82
645,Aginskoye,-12.73,2,RU,2019-12-30,75,51.11,114.54,-12.73,5.99
646,Baykit,-6.99,97,RU,2019-12-30,98,61.68,96.39,-6.99,2.68
647,Khatanga,-22.99,77,RU,2019-12-30,88,71.98,102.47,-22.99,9.17
648,Payakumbuh,68.07,88,ID,2019-12-30,97,-0.23,100.63,68.07,1.74
649,Ko Samui,80.65,36,TH,2019-12-30,76,9.54,99.94,80.65,12.17
650,Doembang Nangbuat,77.0,82,TH,2019-12-30,60,14.85,100.1,77.0,6.02
651,Chiang Rai,62.6,90,TH,2019-12-30,100,19.9,99.84,62.6,2.75
652,Dali,24.06,0,CN,2019-12-30,14,34.79,109.94,24.06,15.93
653,Yaan,77.7,12,NG,2019-12-30,17,7.38,8.57,77.7,2.91
654,Xining,14.41,94,CN,2019-12-30,44,36.62,101.77,14.41,4.99
655,Zhangye,18.66,39,CN,2019-12-30,46,38.94,100.46,18.66,0.94
656,Hovd,41.4,75,NO,2019-12-30,86,63.83,10.7,45.0,23.04
657,Moron,79.86,7,HT,2019-12-30,79,18.56,-74.26,79.86,8.03
658,Atagay,2.88,100,RU,2019-12-30,82,55.1,99.39,2.88,4.81
659,Kodinsk,-13.52,100,RU,2019-12-30,93,58.6,99.18,-13.52,2.89
660,Tura,-27.51,0,RU,2019-12-30,91,64.27,100.22,-27.51,4.83
661,Metro,75.6,100,ID,2019-12-30,93,-5.11,105.31,75.6,5.1
662,Kijang,35.6,20,KR,2019-12-30,51,35.24,129.21,35.6,18.34
663,Paka,70.63,34,CF,2019-12-30,31,4.15,15.03,70.63,1.32
664,Rach Gia,77.0,20,VN,2019-12-30,94,10.02,105.08,77.0,8.05
665,Det Udom,71.6,4,TH,2019-12-30,83,14.9,105.08,71.6,8.05
666,Thanh Hoa,77.0,20,VN,2019-12-30,94,10.21,106.33,77.0,8.05
667,Xingyi,44.76,100,CN,2019-12-30,97,24.19,102.82,44.76,2.44
668,Ziyang,44.74,0,CN,2019-12-30,76,30.12,104.65,44.74,1.68
669,Beidao,23.85,0,CN,2019-12-30,59,34.57,105.89,23.85,4.23
670,Shitanjing,11.88,0,CN,2019-12-30,30,39.23,106.34,11.88,4.21
671,Mandalgovi,1.42,57,MN,2019-12-30,53,45.76,106.27,1.42,16.35
672,Petropavlovka,-18.38,0,RU,2019-12-30,78,50.61,105.32,-18.38,2.46
673,Zhigalovo,-20.13,44,RU,2019-12-30,94,54.81,105.15,-20.13,1.99
674,Vanavara,-9.0,100,RU,2019-12-30,97,60.35,102.28,-9.0,7.31
675,Yerbogachen,-11.15,100,RU,2019-12-30,96,61.28,108.01,-11.15,8.88
676,Bambanglipuro,76.23,100,ID,2019-12-30,90,-7.95,110.28,76.23,0.81
677,Mlonggo,81.0,100,ID,2019-12-30,95,-6.53,110.7,81.0,17.81
678,Pontianak,74.16,85,ID,2019-12-30,97,-0.02,109.34,74.16,1.97
679,Sibu,77.0,75,MY,2019-12-30,94,2.29,111.83,77.0,2.24
680,Quang Ngai,74.19,78,VN,2019-12-30,87,15.12,108.8,74.19,9.13
681,Lingao,71.29,100,CN,2019-12-30,91,19.91,109.69,71.29,16.13
682,Guilin,53.6,90,CN,2019-12-30,81,25.28,110.29,53.6,8.95
683,Enshi,37.13,100,CN,2019-12-30,74,30.29,109.48,37.13,2.66
684,Weinan,30.94,0,CN,2019-12-30,38,34.5,109.46,35.01,6.71
685,Dongsheng,39.97,56,CN,2019-12-30,71,29.72,112.52,39.97,14.72
686,Darhan,-16.58,0,MN,2019-12-30,79,49.49,105.92,-16.58,2.8
687,Krasnyy Chikoy,-20.65,12,RU,2019-12-30,92,50.36,108.75,-20.65,1.83
688,Kurumkan,-21.1,66,RU,2019-12-30,87,54.33,110.32,-21.1,1.45
689,Aykhal,-32.8,0,RU,2019-12-30,73,65.95,111.51,-32.8,4.47
690,Saskylakh,-32.21,0,RU,2019-12-30,96,71.97,114.09,-32.21,9.42
691,Karratha,84.25,57,AU,2019-12-30,85,-20.74,116.85,84.25,10.8
692,Denpasar,82.4,20,ID,2019-12-30,83,-8.65,115.22,82.4,4.7
693,Martapura,74.61,100,ID,2019-12-30,94,-3.41,114.85,74.61,0.72
694,Loa Janan,72.88,100,ID,2019-12-30,98,-0.58,117.09,72.88,2.04
695,Limbang,78.94,75,BN,2019-12-30,100,4.75,115.01,80.01,6.93
696,Aloleng,72.54,17,PH,2019-12-30,88,16.13,119.78,72.54,3.33
697,Shenzhen,69.06,20,CN,2019-12-30,77,22.54,114.05,72.0,13.87
698,Xiongzhou,31.15,0,CN,2019-12-30,59,32.34,118.83,33.8,6.71
699,Baisha,65.17,100,CN,2019-12-30,98,19.23,109.45,65.17,3.6
700,Heze,17.29,0,CN,2019-12-30,27,35.25,115.45,17.29,6.76
701,Xuanhua,-3.3,0,CN,2019-12-30,61,40.61,115.04,-3.3,3.67
702,Baruun-Urt,-4.72,0,MN,2019-12-30,72,46.68,113.28,-4.72,23.6
703,Nizhniy Tsasuchey,-10.55,46,RU,2019-12-30,72,50.52,115.13,-10.55,6.53
704,Taksimo,-28.44,69,RU,2019-12-30,98,56.36,114.84,-28.44,0.85
705,Lensk,-11.34,100,RU,2019-12-30,93,60.71,114.91,-11.34,11.9
706,Almaznyy,32.0,75,RU,2019-12-30,87,48.03,40.04,32.0,6.62
707,New Norfolk,55.47,20,AU,2019-12-30,47,-42.78,147.06,60.01,9.17
708,Northam,57.61,0,AU,2019-12-30,76,-31.65,116.67,57.99,5.82
709,Port Hedland,84.2,100,AU,2019-12-30,74,-20.31,118.58,84.2,12.75
710,Broome,41.79,0,GB,2019-12-30,93,52.47,1.45,44.01,6.93
711,Waingapu,84.07,100,ID,2019-12-30,73,-9.65,120.26,84.07,5.23
712,Sinjai,82.49,100,ID,2019-12-30,77,-5.12,120.25,82.49,7.29
713,Palu,67.12,100,ID,2019-12-30,93,-0.9,119.87,67.12,2.28
714,Parangan,80.42,100,PH,2019-12-30,80,5.08,119.94,80.42,6.71
715,Osmena,78.3,44,PH,2019-12-30,81,12.17,124.59,78.3,14.97
716,San Narciso,76.05,20,PH,2019-12-30,78,15.02,120.08,77.0,5.82
717,Davila,78.94,0,PH,2019-12-30,82,18.47,120.58,78.94,25.97
718,Fuyang,26.78,0,CN,2019-12-30,34,32.89,115.81,26.78,8.32
719,Rizhao,21.85,30,CN,2019-12-30,59,35.43,119.46,21.85,7.34
720,Qinhuangdao,8.28,0,CN,2019-12-30,43,39.94,119.59,8.28,5.97
721,Hailar,-15.29,100,CN,2019-12-30,92,49.2,119.7,-15.29,10.02
722,Tupik,-30.6,23,RU,2019-12-30,89,54.43,119.94,-30.6,2.68
723,Khani,42.8,75,GE,2019-12-30,87,41.96,42.96,42.8,2.24
724,Verkhnevilyuysk,-13.4,100,RU,2019-12-30,94,63.45,120.31,-13.4,6.51
725,Zhigansk,-21.93,100,RU,2019-12-30,95,66.77,123.37,-21.93,14.45
726,Esperance,51.8,4,AU,2019-12-30,81,-33.86,121.89,51.8,8.05
727,Yulara,77.0,62,AU,2019-12-30,65,-25.24,130.99,77.0,8.05
728,Kununurra,82.4,40,AU,2019-12-30,83,-15.77,128.74,82.4,5.82
729,Soe,42.93,90,EE,2019-12-30,100,57.91,26.05,44.01,14.99
730,Katobu,76.24,100,ID,2019-12-30,93,-4.94,122.53,76.24,1.57
731,Tondano,75.2,20,ID,2019-12-30,100,1.3,124.91,75.2,1.12
732,Sarangani,81.84,100,PH,2019-12-30,77,5.4,125.46,81.84,20.38
733,Macrohon,80.49,65,PH,2019-12-30,80,10.08,124.94,80.49,19.48
734,Pandan,79.48,44,PH,2019-12-30,79,11.72,122.09,79.48,20.8
735,Basco,31.3,90,US,2019-12-30,64,40.33,-91.2,33.01,20.8
736,Hirara,68.5,99,JP,2019-12-30,87,24.8,125.28,68.5,29.75
737,Shenjiamen,45.19,100,CN,2019-12-30,76,29.96,122.3,45.19,31.76
738,Seoul,17.87,1,KR,2019-12-30,57,37.57,126.98,19.4,6.93
739,Dandong,5.13,0,CN,2019-12-30,60,40.12,124.37,5.13,9.57
740,Qianguo,-14.82,0,CN,2019-12-30,82,45.12,124.86,-14.82,9.06
741,Nenjiang,-17.36,0,CN,2019-12-30,78,49.17,125.23,-17.36,4.18
742,Tynda,-35.23,0,RU,2019-12-30,97,55.15,124.74,-35.23,2.44
743,Nizhniy Kuranakh,-25.19,100,RU,2019-12-30,98,58.84,125.49,-25.19,1.7
744,Tiksi,-20.9,100,RU,2019-12-30,87,71.64,128.87,-20.9,10.76
745,Hobart,55.44,20,AU,2019-12-30,47,-42.88,147.33,60.01,9.17
746,Mount Gambier,51.8,18,AU,2019-12-30,76,-37.83,140.78,51.8,8.05
747,Port Lincoln,60.64,81,AU,2019-12-30,62,-34.72,135.86,60.64,10.58
748,Flinders,66.54,0,AU,2019-12-30,93,-34.58,150.85,71.01,9.71
749,Port Keats,84.4,40,AU,2019-12-30,81,-14.25,129.55,84.4,6.69
750,Amahai,82.0,100,ID,2019-12-30,87,-3.31,129.0,82.0,8.68
751,Sorong,73.0,97,ID,2019-12-30,97,-0.86,131.25,73.0,1.54
752,Pundaguitan,79.3,100,PH,2019-12-30,80,6.37,126.17,79.3,7.29
753,Bacolod,73.17,100,PH,2019-12-30,85,10.68,122.95,73.17,7.25
754,San Policarpo,80.58,1,PH,2019-12-30,79,12.18,125.51,80.58,13.44
755,Itoman,68.56,75,JP,2019-12-30,88,26.12,127.67,69.8,25.28
756,Gushikawa,68.58,90,JP,2019-12-30,88,26.35,127.87,69.8,14.99
757,Kaseda,49.3,63,JP,2019-12-30,78,31.42,130.32,49.3,18.16
758,Fukuma,49.33,90,JP,2019-12-30,66,33.77,130.47,51.8,18.34
759,Khasan,2.21,0,RU,2019-12-30,49,42.43,130.64,2.21,23.58
760,Chaihe,-12.06,42,CN,2019-12-30,83,44.77,129.68,-12.06,13.73
761,Novobureyskiy,-30.05,94,RU,2019-12-30,99,49.8,129.88,-30.05,2.1
762,Namtsy,-45.4,90,RU,2019-12-30,57,62.72,129.66,-45.4,3.22
763,Portland,24.35,90,US,2019-12-30,79,43.66,-70.25,28.99,9.17
764,Alice Springs,77.0,0,AU,2019-12-30,69,-23.7,133.88,77.0,8.05
765,Nabire,72.18,71,ID,2019-12-30,98,-3.36,135.5,72.18,1.01
766,Manokwari,72.1,77,ID,2019-12-30,83,-0.87,134.08,72.1,4.25
767,Kloulklubed,80.6,90,PW,2019-12-30,78,7.04,134.26,80.6,11.41
768,Airai,68.81,100,TL,2019-12-30,74,-8.93,125.41,68.81,0.72
769,Nishihara,42.1,75,JP,2019-12-30,81,35.74,139.53,46.4,1.12
770,Naze,80.6,1,NG,2019-12-30,78,5.43,7.07,80.6,5.21
771,Muroto,50.09,17,JP,2019-12-30,92,33.37,134.14,50.09,4.43
772,Nishiwaki,50.72,75,JP,2019-12-30,93,35.01,135.0,55.4,4.7
773,Preobrazheniye,-1.57,56,RU,2019-12-30,63,42.9,133.91,-1.57,11.65
774,Krasnorechenskiy,-9.89,67,RU,2019-12-30,74,44.63,135.35,-9.89,14.0
775,Litovko,-20.2,100,RU,2019-12-30,97,49.24,135.18,-20.2,6.96
776,Chumikan,-7.28,100,RU,2019-12-30,96,54.72,135.31,-7.28,10.36
777,Ust-Maya,-31.32,100,RU,2019-12-30,95,60.42,134.54,-31.32,1.92
778,Khandyga,-41.76,98,RU,2019-12-30,97,62.65,135.58,-41.76,1.12
779,Ust-Kuyga,-26.93,94,RU,2019-12-30,81,70.0,135.55,-26.93,4.79
780,Murray Bridge,59.11,13,AU,2019-12-30,76,-35.12,139.28,61.0,1.99
781,Broken Hill,66.2,0,AU,2019-12-30,52,-31.97,141.45,66.2,25.28
782,Mount Isa,80.4,0,AU,2019-12-30,63,-20.73,139.49,80.4,8.39
783,Alyangula,77.0,45,AU,2019-12-30,100,-13.85,136.42,77.0,4.7
784,Merauke,76.48,41,ID,2019-12-30,87,-8.49,140.4,76.48,3.8
785,Kiunga,74.34,100,PG,2019-12-30,98,-6.12,141.3,74.34,3.11
786,Vanimo,82.9,95,PG,2019-12-30,78,-2.67,141.3,82.9,12.95
787,Shingu,60.31,99,JP,2019-12-30,87,33.72,135.99,60.31,6.58
788,Shimoda,52.0,100,JP,2019-12-30,91,34.7,138.93,52.0,23.31
789,Kamogawa,48.85,75,JP,2019-12-30,81,35.13,140.08,63.0,1.12
790,Tenno,33.55,0,IT,2019-12-30,100,45.92,10.83,37.4,2.24
791,Wakkanai,32.18,100,JP,2019-12-30,93,45.41,141.67,32.18,9.24
792,Vysokogornyy,-14.3,100,RU,2019-12-30,99,50.1,139.13,-14.3,2.89
793,Mnogovershinnyy,-9.04,100,RU,2019-12-30,98,53.94,139.92,-9.04,2.46
794,Solnechnyy,-13.65,57,RU,2019-12-30,94,50.72,136.64,-13.65,2.17
795,Ust-Nera,-35.36,74,RU,2019-12-30,100,64.57,143.24,-35.36,1.1
796,Deputatskiy,-21.78,96,RU,2019-12-30,66,69.3,139.9,-21.78,1.1
797,Burnie,58.5,0,AU,2019-12-30,56,-41.05,145.91,59.0,10.0
798,Deniliquin,71.33,30,AU,2019-12-30,65,-35.53,144.96,71.33,11.54
799,Emerald,70.77,7,AU,2019-12-30,68,-23.53,148.16,71.6,4.7
800,Charters Towers,74.26,3,AU,2019-12-30,82,-20.07,146.27,74.26,1.36
801,Mareeba,72.12,40,AU,2019-12-30,83,-16.99,145.42,75.2,4.7
802,Daru,78.21,51,PG,2019-12-30,86,-9.07,143.21,78.21,3.24
803,Madang,16.3,96,CN,2019-12-30,57,35.32,102.79,16.3,0.78
804,Lorengau,82.72,0,PG,2019-12-30,74,-2.02,147.27,82.72,6.71
805,Tateyama,55.02,80,JP,2019-12-30,62,36.66,137.31,57.0,4.0
806,Katsuura,54.79,40,JP,2019-12-30,71,33.93,134.5,57.2,11.41
807,Hasaki,42.17,75,JP,2019-12-30,93,35.73,140.83,43.0,1.12
808,Kushiro,45.95,97,JP,2019-12-30,93,43.11,144.15,45.95,16.49
809,Abashiri,41.68,28,JP,2019-12-30,90,44.01,144.25,41.68,17.58
810,Poronaysk,13.5,100,RU,2019-12-30,92,49.22,143.1,13.5,9.57
811,Okha,-2.6,100,RU,2019-12-30,96,53.59,142.95,-2.6,15.57
812,Okhotsk,8.65,100,RU,2019-12-30,74,59.36,143.24,8.65,15.03
813,Belaya Gora,-32.03,0,RU,2019-12-30,75,68.54,146.19,-32.03,1.52
814,Chokurdakh,-29.45,38,RU,2019-12-30,80,70.62,147.9,-29.45,3.11
815,Bluff,72.97,65,AU,2019-12-30,76,-23.58,149.07,72.97,8.61
816,Lakes Entrance,64.99,100,AU,2019-12-30,70,-37.88,147.99,64.99,1.99
817,Goulburn,66.99,0,AU,2019-12-30,40,-34.75,149.72,66.99,15.68
818,Narrabri,77.31,0,AU,2019-12-30,31,-30.33,149.78,78.8,14.99
819,Biloela,70.66,0,AU,2019-12-30,69,-24.4,150.51,70.66,4.27
820,Mackay,18.5,75,CA,2019-12-30,92,53.65,-115.58,19.4,6.93
821,Samarai,78.58,72,PG,2019-12-30,79,-10.62,150.67,78.58,0.87
822,Kimbe,76.89,76,PG,2019-12-30,91,-5.56,150.15,76.89,1.83
823,Kavieng,84.06,93,PG,2019-12-30,69,-2.57,150.8,84.06,5.26
824,Kamaishi,45.57,61,JP,2019-12-30,86,39.28,141.86,45.57,10.49
825,Vostok,-17.16,100,RU,2019-12-30,98,46.45,135.83,-17.16,4.9
826,Magadan,13.53,100,RU,2019-12-30,74,59.56,150.8,13.53,18.66
827,Arman,15.87,100,RU,2019-12-30,70,59.7,150.17,15.87,13.78
828,Zyryanka,-26.99,0,RU,2019-12-30,93,65.73,150.89,-26.99,6.35
829,Batemans Bay,91.99,0,AU,2019-12-30,17,-35.71,150.18,91.99,1.01
830,Nelson Bay,72.36,30,AU,2019-12-30,64,-32.72,152.14,73.99,5.82
831,Hervey Bay,70.05,90,AU,2019-12-30,94,-25.3,152.85,72.0,10.29
832,Yeppoon,71.6,69,AU,2019-12-30,78,-23.13,150.74,71.6,5.82
833,Gizo,48.49,0,IL,2019-12-30,62,31.8,34.94,55.4,6.93
834,Arawa,75.16,100,ID,2019-12-30,95,-3.93,119.75,75.16,1.28
835,Namatanai,82.69,96,PG,2019-12-30,77,-3.66,152.44,82.69,4.68
836,Severo-Kurilsk,24.28,91,RU,2019-12-30,88,50.68,156.12,24.28,11.27
837,Sobolevo,32.68,100,RU,2019-12-30,68,54.43,31.9,32.68,18.88
838,Dukat,50.0,81,AL,2019-12-30,31,40.25,19.57,50.0,1.01
839,Srednekolymsk,-31.7,0,RU,2019-12-30,99,67.46,153.71,-31.7,3.98
840,Tuatapere,55.99,65,NZ,2019-12-30,89,-46.13,167.69,55.99,1.99
841,Te Anau,57.56,0,NZ,2019-12-30,81,-45.41,167.72,57.56,4.07
842,Port Macquarie,62.19,0,AU,2019-12-30,77,-31.43,152.91,64.99,1.12
843,Byron Bay,68.14,40,AU,2019-12-30,100,-28.65,153.62,73.0,4.7
844,Koumac,77.0,19,NC,2019-12-30,71,-20.56,164.28,77.0,4.07
845,Poum,28.4,20,MK,2019-12-30,63,41.28,20.71,28.4,5.82
846,Kirakira,80.17,0,SB,2019-12-30,70,-10.46,161.92,80.17,2.8
847,Honiara,73.4,20,SB,2019-12-30,94,-9.43,159.96,73.4,2.24
848,Buala,80.78,13,SB,2019-12-30,80,-8.15,159.59,80.78,2.75
849,Kieta,80.65,100,PG,2019-12-30,74,-6.22,155.63,80.65,4.92
850,Butaritari,83.25,100,KI,2019-12-30,74,3.07,172.79,83.25,11.16
851,Petropavlovsk-Kamchatskiy,3.2,0,RU,2019-12-30,84,53.05,158.65,3.2,8.95
852,Milkovo,38.28,20,BG,2019-12-30,64,41.53,24.68,43.0,8.05
853,Palana,-2.22,0,RU,2019-12-30,48,59.08,159.95,-2.22,4.76
854,Evensk,-15.83,13,RU,2019-12-30,25,61.92,159.24,-15.83,3.09
855,Cherskiy,-35.28,28,RU,2019-12-30,100,68.75,161.3,-35.28,3.71
856,Ahipara,66.99,40,NZ,2019-12-30,98,-35.17,173.16,66.99,15.3
857,Vao,42.44,98,EE,2019-12-30,86,59.1,26.19,42.44,12.71
858,Noumea,75.85,90,NC,2019-12-30,83,-22.28,166.46,78.01,1.12
859,Pouebo,77.0,19,NC,2019-12-30,71,-20.4,164.57,77.0,4.07
860,Luganville,78.49,38,VU,2019-12-30,79,-15.51,167.18,78.49,3.78
861,Lata,7.99,94,IN,2019-12-30,52,30.78,78.62,7.99,6.06
862,Auki,65.89,0,NG,2019-12-30,18,12.18,6.51,65.89,9.37
863,Tilichiki,-16.71,0,RU,2019-12-30,61,60.47,166.1,-16.71,7.11
864,Bilibino,-32.17,91,RU,2019-12-30,99,68.06,166.44,-32.17,0.31
865,Pevek,-22.86,100,RU,2019-12-30,99,69.7,170.27,-22.86,6.91
866,Kaitangata,60.01,0,NZ,2019-12-30,75,-46.28,169.85,60.01,7.0
867,Ranfurly,23.61,0,CA,2019-12-30,82,53.41,-111.68,23.61,8.63
868,Westport,39.24,90,US,2019-12-30,93,41.14,-73.36,43.0,27.51
869,Isangel,76.82,35,VU,2019-12-30,83,-19.55,169.27,76.82,16.69
870,Sola,65.34,78,TZ,2019-12-30,89,-3.17,33.8,65.34,0.74
871,Dunedin,57.0,0,NZ,2019-12-30,79,-45.87,170.5,57.0,11.99
872,Christchurch,59.0,0,NZ,2019-12-30,82,-43.53,172.64,63.0,9.17
873,Wanganui,62.91,0,NZ,2019-12-30,55,-39.93,175.05,64.99,8.01
874,Ngunguru,62.4,0,NZ,2019-12-30,77,-35.62,174.5,64.0,8.01
875,Kaeo,63.95,5,NZ,2019-12-30,98,-35.1,173.78,66.99,3.49
876,Vila,34.86,0,IT,2019-12-30,93,45.18,8.4,37.0,2.24
877,Beringovskiy,-16.35,0,RU,2019-12-30,96,63.05,179.32,-16.35,16.87
878,Anadyr,-25.29,0,RU,2019-12-30,74,64.73,177.51,-25.01,11.18
879,Komsomolskiy,12.06,100,RU,2019-12-30,92,67.55,63.78,12.06,16.55
880,Leningradskiy,-19.73,100,RU,2019-12-30,95,69.38,178.42,-19.73,22.08
